amount,hour,transaction_count_24h,avg_amount_30d,account_age_days,failed_attempts_24h,is_fraud
265.16,14,5,66.66,352,0,0
163.17,15,2,23.39,47,0,0
1014.39,6,5,9.78,522,0,0
142.55,18,3,60.61,100,0,0
71.0,12,4,99.97,724,0,0
1896.86,9,3,99.63,480,0,0
289.87,10,4,94.16,442,0,0
29.55,10,2,386.65,113,0,0
77.59,13,1,1564.8,139,0,0
157.99,8,3,13.35,84,0,0
111.19,8,3,493.08,138,0,0
1113.3,20,8,766.87,138,0,0
251.25,5,1,97.55,204,0,0
132.4,6,5,103.67,464,0,0
157.47,15,6,14.82,93,1,0
305.02,19,3,174.45,1370,0,0
15601.2,10,2,12.32,1751,0,0
36386.44,11,8,119.19,153,0,0
3974.86,13,1,381.61,451,0,0
491.19,6,2,204.58,183,1,0
1158.59,3,6,40.07,97,1,1
154.48,7,1,69.25,133,0,0
55.04,9,1,103.81,524,0,0
858.63,6,2,95.43,169,0,0
489.95,17,6,1801.26,138,0,0
247.21,15,3,24.59,676,0,0
19.41,9,5,134.47,222,0,0
2458.24,20,4,1.65,72,0,0
22.17,9,2,243.5,165,0,0
83.36,17,8,31.16,218,0,0
103.04,14,1,2786.58,536,1,0
213.03,7,3,320.53,46,0,0
1578.96,16,9,9.58,560,0,0
283.04,13,3,28.05,487,0,0
142.67,13,5,414.94,500,0,0
136.21,21,5,18.87,434,0,0
2024.98,19,5,126.18,1539,0,0
147.24,8,4,64.08,324,0,0
281.1,19,5,378.04,69,0,0
9720.23,15,9,148.01,532,0,0
1653.23,18,1,145.38,524,0,0
75.86,18,2,2494.52,60,0,0
53.78,13,7,196.51,73,0,0
1137.26,12,3,151.42,83,0,0
1784.32,16,5,50.53,108,0,0
402.82,10,7,12.34,142,1,0
620.15,21,3,264.69,55,0,0
5.37,16,5,325.26,272,0,0
211.42,20,6,26.01,624,0,0
251.5,12,3,8.51,876,0,0
103.05,7,1,144.37,100,0,0
157.27,6,5,99.08,114,0,0
5636.39,18,6,43.18,141,2,1
1319.97,11,3,424.6,214,0,0
9202.09,18,4,65.87,259,0,0
60725.8,9,4,346.41,119,0,0
2409.7,22,3,203.78,67,0,0
3398.4,13,5,4479.64,263,0,0
348.03,11,6,981.93,41,0,0
190.75,15,3,424.86,531,1,0
92002.4,9,4,2.6,173,0,1
2947.91,17,5,3483.44,109,0,0
53915.56,17,3,58.17,147,0,0
607.41,16,6,13.62,233,0,0
735.04,5,4,35.83,364,1,0
4161.38,5,9,441.66,120,0,0
41.0,13,1,501.6,30,0,0
144.2,5,4,414.82,213,0,0
22.1,22,2,83.14,479,1,0
3908.22,12,6,425.74,173,1,0
1753.74,18,3,126.13,135,0,0
235.17,11,1,67.41,177,0,0
338.35,20,5,120.32,867,0,0
1522.29,20,3,56.81,748,0,0
1345.16,11,5,7.86,51,0,0
4179.31,12,3,62.13,339,1,0
302.08,16,4,70.53,963,0,0
633.68,4,7,613.97,376,0,0
51.64,13,5,17.11,50,0,0
242.27,5,2,2.29,625,0,0
166.99,12,4,753.72,112,0,0
46.5,11,1,42.43,956,1,0
92.77,21,2,456.5,544,0,0
353.58,8,6,79.73,220,0,0
270.36,11,2,209.77,1558,0,0
1323.26,14,9,14.64,187,0,0
264.63,4,4,97.12,704,0,0
32.17,9,6,111.39,98,0,0
338.61,10,5,488.7,146,1,0
242.58,5,1,2535.34,54,0,0
124.89,19,8,1046.03,838,0,0
1135.78,4,9,228.45,156,0,0
751.01,5,6,45.01,151,1,0
463.62,19,2,34.19,434,0,0
5738.0,8,5,590.82,407,1,0
2449.84,22,3,95.92,128,0,0
2585.76,15,4,22.17,73,0,0
32.97,19,3,1027.98,593,0,0
10236.63,16,2,322.38,36,0,0
124.62,18,4,16.59,154,0,0
460.47,10,3,803.35,138,0,0
302.11,15,2,87.92,124,0,0
46.05,21,1,206.95,1102,0,0
1381.34,9,6,148.27,218,0,0
2400.52,13,4,91.99,351,0,0
779.23,10,0,10.95,238,0,0
5666.5,16,4,139.1,50,0,0
19.56,21,5,70.24,513,0,0
129.64,16,2,242.12,825,0,0
995.3,19,6,1386.54,146,0,0
1.66,13,3,7.14,251,0,0
154.13,8,4,83.57,339,0,0
5.96,15,7,32.88,87,0,0
1270.95,16,4,231.2,367,0,0
151.74,4,1,123.8,107,0,0
12101.43,7,3,368.88,1413,0,0
2247.87,15,5,45.83,767,0,0
173.04,5,2,55.95,239,0,0
616.07,13,2,130.46,644,1,0
318.62,13,6,123.27,262,0,0
2404.42,7,4,103.52,396,1,0
58.67,4,5,8201.06,1313,0,0
1005.17,20,1,151.79,138,0,0
1383.27,9,6,7.13,292,0,0
614.15,12,7,9.87,358,0,0
18.37,16,5,205.24,239,1,0
7800.07,17,3,651.4,121,0,0
6896.71,5,3,915.03,248,0,0
14953.97,11,3,78.9,75,0,0
11.55,15,3,20.02,1177,0,0
29.59,18,6,1081.29,101,0,0
509.03,21,4,111.89,221,0,0
655.07,6,5,57.66,346,0,0
291.2,13,5,1068.43,1120,0,0
2836.95,16,6,72.32,145,0,0
27.1,21,2,165.72,558,0,0
6258.93,7,5,417.76,184,0,0
302.87,4,4,731.5,605,0,0
4928.45,16,2,327.82,194,0,0
49.88,11,7,45.85,186,0,0
12636.65,4,2,7.86,317,0,0
550.59,6,4,175.0,1698,0,0
4437.76,9,3,16.0,228,0,0
104.65,16,5,25.36,380,0,0
5821.92,6,3,166.23,174,0,0
646.2,4,3,1.66,381,1,0
2025.26,6,1,66.82,188,0,0
461.75,20,7,27.26,275,0,0
3690.03,9,3,71.52,139,0,0
367.22,22,5,379.94,374,0,0
45.48,7,4,34.75,214,0,0
1.41,4,1,237.08,864,0,0
223.95,16,4,79.2,1166,0,0
966.69,18,2,1166.2,634,1,0
164.78,14,2,2.99,593,0,0
708.0,19,8,156.05,70,0,1
239.33,17,1,37.54,281,0,0
255.37,19,5,428.28,93,0,0
162.74,15,7,36.32,175,2,1
1687.37,19,2,7.69,454,0,0
1454.72,9,4,7.93,121,0,0
344.37,18,2,46.7,557,0,0
187.72,18,3,122.52,934,0,0
505.31,21,6,300.12,228,1,1
63.4,19,7,171.22,60,0,0
87.91,19,4,5.42,94,0,0
9224.05,12,3,21.02,1227,0,0
2870.15,4,3,101.65,77,0,0
773.28,13,6,85.68,70,1,0
143.71,17,5,18714.78,541,0,0
431.28,8,3,422.11,41,0,0
190.53,11,2,31.43,863,0,0
194.05,10,5,233.66,52,0,0
112.95,8,3,179.82,377,0,0
189.88,15,8,34.06,178,0,0
533.34,4,3,115.45,385,0,0
199.42,13,4,14.04,454,0,0
4673.8,8,10,124.3,228,0,0
273.66,13,2,319.43,82,0,0
159.28,19,8,88.6,1073,0,0
147.45,8,8,104.25,246,0,0
1361.19,15,5,384.55,535,0,0
185.24,11,5,96.15,117,0,0
1598.73,11,4,153.98,105,0,0
1517.83,7,9,71.73,123,0,0
915.98,11,4,755.69,269,0,0
1370.38,17,7,85.15,276,0,0
378.4,2,2,2036.13,67,0,1
325.48,15,4,1348.44,146,0,0
890.99,4,7,22.6,553,0,0
7557.51,18,4,15.46,345,0,0
1159.96,4,5,62.68,571,0,0
10781.73,12,5,56.34,457,0,0
97.25,20,3,87.77,93,0,0
6.32,4,6,15.19,383,0,0
158.7,7,7,304.53,412,0,0
3368.57,13,6,63.24,749,0,0
334.84,7,4,119.05,89,1,0
2011.34,14,2,246.36,70,0,0
2271.14,9,2,182.95,49,2,1
48.75,5,6,235.54,50,0,0
3.37,22,5,107.97,96,0,0
21.68,14,1,46.05,748,0,0
177.81,12,5,1171.62,164,0,0
174.1,8,5,55.5,247,2,1
3469.9,8,2,35.88,59,0,0
3613.81,17,5,61.64,119,0,0
964.99,13,5,62.87,135,0,0
3011.8,21,2,26.6,941,1,0
97.56,12,7,165.58,340,0,0
1241.39,14,5,2.44,253,0,0
7.62,12,1,607.77,115,0,0
4569.05,7,3,1242.14,276,0,0
13.8,6,6,3.09,791,0,0
299.02,19,5,194.76,81,0,0
417.76,20,7,792.15,1088,0,0
194.83,21,3,4.38,557,0,0
4974.97,20,4,9.62,2560,0,0
170.5,11,0,54.85,801,0,0
1070.56,21,4,87.32,205,0,0
465.22,8,1,10.86,477,0,0
535.35,4,5,30.33,1320,0,0
1809.07,8,4,5.9,182,0,0
87.61,7,1,7.91,211,0,0
209.64,8,1,596.36,77,0,0
772.04,14,6,5.6,208,1,0
980.73,7,3,56.45,317,0,0
7948.3,6,3,28.58,572,0,0
8.42,5,5,12.57,586,0,0
617.12,17,4,73.61,265,0,0
53.57,8,5,65.02,460,0,0
149.66,6,4,19.66,301,0,0
131.0,22,4,350.47,630,0,0
242.13,12,3,60.46,448,0,0
1038.62,18,2,18.82,304,0,0
2826.86,22,6,30.04,192,0,0
116.32,6,7,778.48,243,0,0
15627.04,15,6,8.62,134,0,0
1479.72,16,5,30.81,802,0,0
602.57,11,3,1259.74,1551,0,0
49.62,10,3,31.58,43,0,0
5625.78,5,2,12.33,92,0,0
407.47,12,5,155.33,549,0,0
670.1,11,6,5618.99,348,0,0
1431.84,21,3,162.15,379,0,0
74.3,15,3,200.31,755,0,0
204.77,18,3,243.77,509,1,0
33.32,5,4,874.84,167,0,0
422.53,20,4,287.13,51,0,0
1055.76,16,8,48.8,177,0,0
273.63,5,4,6.97,178,0,0
123.7,4,3,12.21,183,0,0
418.83,7,0,83.2,84,0,0
453.55,17,6,69.96,508,0,0
826.75,5,3,617.79,96,0,0
347.22,12,8,33.91,1093,0,0
1086.54,6,2,152.27,368,0,0
1326.48,16,0,44.71,211,0,0
36.94,21,5,412.26,706,0,0
1223.51,18,4,140.71,97,0,0
148.87,7,5,47.31,145,0,0
23482.76,19,1,46.54,261,0,0
3.68,14,5,77.8,55,0,0
2532.2,14,6,26.26,456,0,0
309.95,17,1,29.32,134,0,0
311.41,16,6,20.56,178,1,0
2801.31,21,2,97.88,485,0,0
617.99,22,6,161.94,621,0,0
273.98,19,2,152.46,762,0,0
2960.97,19,1,35.71,511,0,0
577.01,5,5,55.51,792,0,0
59.47,11,1,13.94,343,1,0
39.93,6,5,47.75,423,0,0
462.79,6,2,186.15,186,0,0
292.37,17,5,216.42,581,0,0
53.53,13,5,8.56,732,0,0
8.46,17,4,209.14,1544,0,0
745.92,4,5,169.81,325,0,0
294.08,13,4,1907.93,1561,0,0
129.21,16,3,1038.9,495,0,0
1398.23,14,8,344.26,1040,0,0
220.07,6,2,187.57,322,0,0
64.46,6,4,28.99,80,0,0
53.9,9,2,55.42,895,0,0
1518.09,8,4,258.87,1467,0,0
1062.36,21,5,140.99,719,0,0
958.44,9,7,7.32,513,1,0
12107.62,7,8,228.41,260,3,1
246.26,15,3,28.29,208,1,0
2553.89,16,3,9.6,377,0,0
849.01,14,2,4.49,710,0,0
10020.52,18,4,132.65,283,0,0
107.27,6,2,4.62,315,0,0
577.76,17,3,14.72,442,0,0
24.34,22,3,235.03,947,0,0
301.35,20,3,187.83,169,0,0
2356.69,8,3,64.75,537,0,0
722.88,17,3,83.26,794,0,0
315.33,15,2,74.28,766,1,0
3657.0,5,4,55.6,695,0,0
2247.95,14,5,456.26,38,0,0
5022.94,5,3,17.32,295,0,0
2928.1,13,2,183.74,529,0,0
47.83,7,6,902.53,339,0,0
6367.05,10,2,33.57,373,0,0
1634.38,15,6,431.68,101,0,0
177.26,17,2,348.71,313,0,0
1911.63,4,3,14.13,324,0,0
5518.91,10,4,10.69,357,0,0
2240.86,9,3,16.64,305,0,0
748.19,17,2,178.4,550,0,0
324.57,7,5,51.59,106,0,0
136.09,5,9,62.95,371,0,0
1054.39,4,2,29.93,162,0,0
74.48,6,0,267.88,350,0,0
1001.68,17,4,177.52,80,0,0
21.15,6,2,584.85,726,0,0
95.87,20,5,408.08,36,0,0
257.81,17,4,4.95,1316,0,0
1837.08,17,3,150.79,673,0,0
49.93,9,4,388.32,263,0,0
45.03,6,2,733.7,615,1,0
290.33,6,2,147.49,141,0,0
19600.79,15,0,306.06,178,0,0
53.74,5,2,177.64,523,0,0
136.69,18,2,42.7,99,0,0
5596.02,20,5,41.09,190,0,0
229.85,5,3,18.69,346,0,0
69.69,16,6,117.63,73,0,0
145.73,7,6,3.97,1555,1,0
341.93,4,3,35.12,134,1,0
3160.89,15,4,17.51,391,0,0
1016.56,14,5,82.94,236,0,0
295.63,6,1,81.7,305,0,0
289.8,18,2,140.53,44,0,0
592.96,10,4,68.92,268,0,0
66.66,10,3,71.86,683,0,0
529.22,15,4,11.12,239,0,0
59.17,11,3,1885.78,465,0,0
71.09,10,3,19.95,385,0,0
208.74,6,2,21.65,558,0,0
93.83,13,2,216.06,499,0,0
7600.92,9,3,46.67,919,0,0
309.46,22,0,22.76,179,0,0
23.28,19,4,36.06,194,0,0
971.3,15,5,26.87,404,0,0
136.79,16,8,791.61,926,0,0
784.8,4,2,11.74,520,0,0
1450.37,5,4,56.53,634,0,0
14.27,14,6,63.36,148,0,0
473.72,12,3,68.0,381,0,0
411.56,7,4,156.52,434,0,0
484.43,7,5,1585.19,292,0,0
477.11,4,2,2388.12,289,0,0
9648.86,4,1,22.99,198,0,0
1597.06,7,5,51.73,2272,0,0
2858.73,14,4,41.46,790,1,0
750.56,13,5,16.03,1100,0,0
628.33,16,2,133.01,1091,0,0
1026.33,20,3,70.42,161,0,0
56.11,8,9,431.27,198,1,0
65.14,10,4,114.78,1167,0,0
1395.16,13,5,1015.62,489,0,0
431.91,23,0,15.76,30,1,1
129.91,12,5,18.88,415,0,0
1345.53,13,4,532.96,272,0,0
76.7,19,6,119.45,392,0,0
440.54,14,4,232.56,767,0,0
126.94,21,8,233.37,839,0,0
2637.6,13,6,5.89,805,0,0
2916.24,7,1,27.96,598,0,0
18.3,22,6,91.23,264,0,0
21.78,4,5,31.59,44,1,0
172.53,22,8,178.69,688,0,0
169.72,15,4,5121.92,150,0,0
11.35,14,3,40.71,152,0,0
15.59,12,2,317.6,694,0,0
136.59,9,2,109.88,1226,0,0
84.08,11,5,334.65,2110,0,0
7428.99,7,5,258.61,531,0,0
306.25,16,4,27.37,1370,0,0
73.59,10,9,63.43,343,0,0
3108.94,12,6,445.18,1288,0,0
624.39,10,4,13.11,323,0,0
519.87,7,4,841.78,151,0,0
147.75,15,4,355.4,508,0,0
179.58,8,5,11.66,61,0,0
1056.95,4,11,75.99,84,0,0
2417.85,19,0,100.91,258,0,0
7819.28,18,7,49.65,552,0,0
832.09,4,9,34.28,294,0,0
1825.13,13,0,69.58,643,0,0
1571.98,17,2,160.08,822,0,0
29.83,12,1,137.03,558,0,0
479.03,9,3,277.31,51,0,0
146.62,18,9,152.11,352,0,0
423.64,20,4,76.46,459,0,0
732.02,5,5,625.73,351,0,0
132.27,5,5,1002.89,841,0,0
1336.69,13,7,26.06,65,0,0
223.24,22,3,7.25,54,0,0
8559.62,4,3,42.1,678,0,0
663.66,15,1,383.26,69,0,0
13611.18,18,4,130.39,768,0,0
342.24,4,2,4.64,295,2,1
82.53,7,7,43.08,285,0,0
216.34,15,5,134.27,172,0,0
249.25,5,2,80.55,47,0,0
202.42,11,6,178.66,1438,0,0
1259.39,22,10,135.6,537,0,0
327.06,19,7,58.43,303,0,0
321.25,13,5,26.3,1182,0,0
95.95,21,3,116.05,302,0,0
3236.36,4,2,71.74,137,0,0
130.87,22,1,1.09,164,0,0
64.04,4,4,58.23,161,0,0
504.14,17,6,67.35,1593,0,0
847.5,7,5,271.85,132,1,0
79.72,6,7,64.46,2017,0,0
1089.14,16,7,844.48,665,0,0
226.82,6,7,632.45,76,1,0
43.46,12,5,6.84,343,0,0
185.34,14,3,79.34,592,0,0
2343.75,3,7,7.16,108,3,1
135.79,18,1,812.15,267,0,0
14.42,17,7,313.14,656,1,0
27219.49,2,5,275.07,159,1,1
15.85,20,5,65.38,226,0,0
238.99,16,4,30.27,810,0,0
171.07,8,8,39.13,612,0,0
881.12,12,5,77.78,314,0,0
171.29,8,5,46.17,100,0,0
17204.56,21,6,382.0,1923,0,0
185.33,5,7,116.31,153,0,0
78.41,21,1,577.29,90,0,0
58.65,8,7,275.14,1164,0,0
109.98,20,0,56.14,984,0,0
116.29,17,1,166.69,64,0,0
65.64,14,4,99.15,197,0,0
2775.03,5,5,41.19,554,0,0
2428.67,5,7,402.63,57,2,1
441.44,16,0,285.78,81,0,0
1116.5,15,2,183.3,55,0,0
85.61,17,3,106.96,69,0,0
3.78,14,5,17.57,583,0,0
40.76,16,4,392.32,775,0,0
265.42,18,6,488.21,75,0,0
162.29,9,8,58.64,164,0,0
37151.76,15,2,19.13,109,0,0
246.56,8,5,95.02,115,2,1
425.21,12,4,498.58,145,0,0
1362.37,22,2,162.25,97,0,0
19.21,18,6,97.91,984,0,0
4198.12,20,8,15.85,228,0,0
1238.32,20,3,7.44,770,0,0
4086.78,7,6,117.47,46,0,0
511.98,14,5,539.67,363,0,0
109.22,18,7,4.88,757,0,0
144.38,5,5,4.48,58,0,0
482.4,19,0,3.96,306,0,0
94.79,22,4,78.28,1084,0,0
887.72,19,5,171.89,558,1,0
52.0,18,4,49.36,268,0,0
368.36,14,3,7.65,188,2,1
1745.8,7,2,6.67,919,0,0
2118.44,4,4,31.09,1605,0,0
3687.2,12,2,91.39,451,0,0
251.68,13,5,465.31,1138,0,0
2721.72,4,3,67.02,485,0,0
540.65,20,7,134.06,846,0,0
2276.2,22,3,22.43,75,0,0
8193.11,19,7,41.27,160,0,0
193.85,4,3,40.36,769,0,0
2266.71,16,3,57.99,1805,0,0
27.97,18,6,683.14,312,0,0
301.13,9,5,487.15,73,1,0
10283.86,22,2,180.04,192,0,0
63.56,11,7,182.17,250,0,0
1864.78,13,6,113.47,289,0,0
4439.89,6,4,25.29,467,0,0
64283.53,21,2,504.48,409,0,0
3094.09,19,4,287.64,1084,1,0
116.56,22,1,112.45,138,0,0
163.9,20,4,463.72,258,0,0
368.96,4,0,18.86,709,0,0
113.96,5,8,104.38,611,0,0
32.14,18,5,583.57,1027,0,0
148.32,14,7,151.16,41,0,0
124.89,17,3,147.44,434,0,0
57.56,9,4,103.92,1169,0,0
4905.43,20,6,171.91,183,0,0
224.05,10,3,16.13,478,0,0
584.56,12,5,49.62,567,0,0
455.46,14,9,253.59,35,0,0
3253.35,18,4,1425.48,55,0,0
81.87,21,3,75.67,659,1,0
980.64,21,4,447.96,141,0,0
718.07,11,5,599.97,540,0,0
607.79,5,4,91.23,544,0,0
62.83,4,3,47.43,79,1,0
267.03,7,6,304.16,556,0,0
178.84,12,2,22.61,254,0,0
667.84,15,5,78.36,647,0,0
884.44,21,1,548.41,257,0,0
640.11,8,9,566.15,917,0,0
392.93,10,4,207.07,112,0,0
366.53,6,2,120.94,291,0,0
28.43,9,1,28.85,734,0,0
5057.72,14,2,19.29,1032,0,0
346.17,9,3,182.22,186,0,0
2063.19,8,3,12.43,154,0,0
122.1,18,2,1466.65,210,0,0
305.45,10,5,17.32,848,0,0
980.91,9,2,210.34,32,0,0
172.77,14,5,45.02,455,0,0
30.73,10,2,510.15,681,1,0
2319.53,9,5,1952.5,300,0,0
1899.41,15,6,139.39,117,0,0
58.72,20,2,207.22,234,0,0
822.63,19,7,13.01,452,1,0
866.81,5,4,156.32,383,1,0
1880.51,8,6,279.2,232,1,0
2412.03,5,5,160.68,123,2,1
835.11,21,3,372.92,618,0,0
13.68,16,4,294.44,373,0,0
488.11,21,1,14.88,287,0,0
1183.6,11,5,34.92,360,0,0
191.75,11,3,427.88,234,0,0
855.64,18,3,150.99,247,0,0
112.22,6,4,884.76,68,0,0
139.45,21,0,48.29,450,0,0
234.03,21,6,47.74,48,0,0
1890.42,16,6,35.36,337,0,0
813.48,7,2,136.52,184,0,0
10546.86,6,3,39.05,934,0,0
5922.2,11,4,88.64,38,0,0
127.58,15,2,33.91,102,0,0
3732.72,10,8,37.04,577,0,0
92.18,20,2,29.95,564,1,0
320.76,12,1,3.92,36,1,0
280.45,15,4,76.5,309,0,0
323.91,8,3,874.53,263,0,0
25.68,13,5,73.29,275,0,0
128.56,9,4,11.56,1387,1,0
18538.57,6,4,125.88,299,0,0
867.58,14,2,236.6,213,0,0
239.38,12,8,636.78,375,0,0
760.47,16,1,151.97,375,0,0
32.1,21,3,39.69,71,0,0
343.28,14,4,4.46,34,0,0
96.51,5,5,23.29,154,0,0
366.13,6,5,372.57,1163,0,0
916.94,13,4,100.07,233,0,0
66.6,9,6,139.1,195,0,0
2397.92,16,2,65.02,139,0,0
1591.06,4,1,298.4,202,0,0
37.28,8,4,84.57,329,0,0
90.74,13,6,25.28,525,0,0
281.81,15,3,45.63,788,0,0
4113.51,16,6,19.76,78,0,0
4579.73,9,2,183.92,89,0,0
9.01,21,7,32.68,100,1,0
3.45,14,4,14.26,255,0,0
5159.24,7,1,10.18,1942,1,0
90.31,11,3,318.65,271,0,0
768.85,4,2,143.92,171,0,0
337.9,18,4,237.36,2158,0,0
1289.54,9,3,18.73,922,0,0
618.95,8,2,192.68,359,0,0
151156.72,0,5,83.44,19,2,1
287.6,4,2,66.21,48,0,0
277.86,13,4,40.54,332,0,0
1732.25,4,4,1541.21,191,0,0
1171.11,15,6,1569.74,613,0,0
248.45,15,3,213.31,38,0,0
383.37,17,5,243.8,1013,0,0
329.22,17,6,80.8,302,0,0
2308.48,16,5,74.66,711,0,0
67.92,13,5,54.12,91,0,0
167.72,14,2,8.06,374,0,0
597.86,20,6,215.76,38,0,0
2097.7,4,5,333.31,585,0,0
364.32,13,7,51.19,1128,0,0
5560.61,11,3,1485.7,108,0,0
438.92,4,4,41.33,177,0,0
1296.57,13,2,173.41,405,0,0
1142.91,10,2,10.49,176,0,0
584.74,6,7,58.25,149,0,0
1594.9,17,1,4.91,184,0,0
2353.56,18,6,9.0,86,0,0
368.77,8,5,30.81,463,0,0
448.95,17,3,192.42,1035,0,0
2450.54,4,6,141.66,610,0,0
12.06,21,2,34.72,233,0,0
564.32,16,6,192.9,142,0,0
206.32,16,5,63.2,279,0,0
135.26,17,4,499.03,112,1,0
15.92,12,6,302.77,389,0,0
8410.86,10,3,17.56,258,0,0
1919.59,13,8,22.67,111,0,0
10373.25,14,4,185.26,327,1,0
374.94,5,6,49.02,60,0,0
969.83,22,3,17.99,453,0,0
122.91,18,3,353.82,218,0,0
4.55,16,2,347.84,302,0,0
17.6,14,1,278.99,148,1,0
576.85,11,0,42.0,260,0,0
85.98,8,5,4.06,176,0,0
731.54,10,3,16.98,465,1,0
338.69,17,6,1439.16,488,0,0
156.37,9,0,96.01,306,1,0
24.55,12,4,1432.21,80,0,0
1306.59,9,5,10.43,82,0,0
96.76,22,3,146.71,2493,0,0
84.44,9,6,158.68,990,0,0
17.31,14,7,128.16,481,0,0
3853.54,6,5,3163.66,1264,0,0
412.44,17,2,54.21,2758,0,0
6160.66,22,1,287.61,85,0,0
2396.3,15,5,27.35,620,0,0
386.95,19,0,34.68,207,0,0
2946.63,11,0,16.79,2711,0,0
1100.51,14,4,54.06,635,0,0
5499.26,16,5,160.29,114,0,0
412.58,12,4,157.15,187,0,0
37.13,5,4,13.95,474,0,0
5891.28,10,5,151.19,549,0,0
65.65,19,5,142.69,424,0,0
91.16,4,3,76.76,458,0,0
1060.93,5,3,14.28,139,0,0
10.15,6,4,1405.0,751,0,0
5.87,14,5,61.55,966,0,0
626.02,12,4,105.89,251,1,0
599.83,16,3,206.51,819,0,0
234.36,4,4,6.99,240,0,0
106.05,9,5,57.88,46,0,0
47885.15,10,7,11.48,33,0,0
1019.68,8,2,490.74,178,0,0
4706.88,14,2,161.85,224,0,0
345.14,5,2,18.8,377,0,0
39.73,16,2,194.83,760,0,0
158.92,10,6,36.49,506,0,0
486.34,22,3,211.03,550,0,0
66.46,5,3,347.19,114,1,0
4255.44,20,6,62.51,519,0,0
1704.33,5,9,30.15,311,0,0
166.55,21,6,784.01,951,0,0
377.06,10,7,90.22,604,0,0
815.92,16,5,38.74,192,0,0
2395.97,13,3,1527.2,637,0,0
433.26,15,5,56.66,52,1,0
270.38,20,5,51.6,481,0,0
3649.77,4,4,19.39,456,0,0
4661.38,22,4,68.28,164,0,0
0.86,21,3,180.83,54,0,0
316.94,9,5,19.87,218,0,0
460.29,22,2,635.83,1298,0,0
1371.12,14,0,30.09,202,0,0
280.66,18,3,457.43,85,0,0
99.65,6,4,190.69,281,0,0
732.49,16,3,22.45,422,0,0
485.06,9,4,71.0,311,0,0
128.14,4,8,87.01,1355,0,0
63.98,10,6,353.78,1046,1,0
135.92,21,4,16.36,258,0,0
3371.02,16,2,645.8,43,0,0
66.5,14,4,259.86,84,0,0
961.11,8,6,554.42,1364,0,0
1142.07,20,3,11.07,133,0,0
75.62,19,8,1540.66,98,0,0
42095.69,15,7,129.94,149,0,0
995.82,13,4,279.47,191,0,0
107.31,15,5,128.77,143,0,0
48.49,9,2,3511.86,128,0,0
3045.78,17,2,152.72,471,1,0
89.72,8,7,12.08,1431,1,0
2153.01,11,6,35.27,870,0,0
64.86,6,3,624.65,153,0,0
2401.75,6,1,275.74,1193,0,0
1651.17,19,4,29.07,449,0,0
166.23,21,6,399.4,183,0,0
396.81,6,2,210.52,84,0,0
191.91,20,3,38.0,187,0,0
49.01,16,5,107.15,185,0,0
6314.81,21,3,24.3,107,0,0
14.93,8,4,32.85,111,0,0
480.59,18,5,28.24,65,0,0
870.91,12,4,11.6,594,0,0
73.29,8,4,285.03,342,0,0
478.35,22,3,6.98,441,0,0
153.09,19,5,59.12,2419,0,0
34.91,17,6,14.9,193,0,0
111.32,8,1,48.12,565,0,0
42.23,14,2,111.16,33,1,0
4213.02,7,2,96.86,141,0,0
147.73,15,5,25.19,41,0,0
247.03,19,6,172.37,529,0,0
1117.01,18,2,175.17,1022,0,0
3923.79,15,5,90.7,377,0,0
926.08,10,3,66.57,171,0,0
1822.98,6,2,390.4,123,0,0
74.1,5,3,123.12,1320,0,0
4847.83,20,3,149.91,476,0,0
69.72,22,0,111.05,454,0,0
328.14,10,5,149.93,593,0,0
60.3,10,1,246.2,119,0,0
1755.55,12,5,162.97,448,0,0
2382.99,11,6,89.68,168,0,0
173.73,22,4,302.22,420,0,0
198243.03,8,3,19.45,78,1,1
1903.9,21,4,13.11,97,0,0
191.48,7,2,441.01,211,0,0
1315.89,9,7,73.78,43,0,0
207.67,13,5,278.72,92,0,0
1835.41,14,6,70.39,712,1,0
71.41,17,4,29.72,123,0,0
157.47,13,4,7.12,56,0,0
570.78,22,5,14.83,62,0,0
29.62,18,0,1581.98,206,1,0
310.22,15,1,49.41,1280,0,0
2817.73,15,5,207.8,762,1,0
16.92,17,5,413.58,609,0,0
337.94,22,5,370.69,901,0,0
499.29,6,6,67.37,55,0,0
18.4,5,4,22.67,219,0,0
3199.3,6,0,56.92,756,0,0
992.55,6,2,32.61,657,0,0
1306.25,17,8,68.54,65,0,0
17.33,19,6,3.61,20,2,1
246.39,14,4,28.89,296,0,0
235.71,19,4,89.89,275,0,0
92.51,13,5,34.95,39,0,0
1933.64,7,3,7.92,300,0,0
10.97,10,2,274.5,94,1,0
101.13,7,2,65.98,114,0,0
1205.16,11,4,1506.85,98,0,0
1013.66,4,1,14.28,40,0,0
1860.63,7,5,4.33,190,2,1
189.18,19,6,206.91,551,0,0
247.94,16,3,76.49,77,0,0
13.26,16,6,672.42,40,0,0
41.04,8,4,13.78,413,0,0
24.46,13,7,625.85,119,0,0
28.32,5,8,97.67,151,0,0
299.7,20,5,67.71,497,1,0
340.03,20,4,67.27,1910,0,0
47.39,9,4,30.51,1001,0,0
39.13,14,3,90.25,177,0,0
73.37,11,1,36.52,1165,0,0
3311.66,10,3,499.79,355,0,0
250.74,13,5,127.12,497,0,0
215.78,7,1,332.02,1590,0,0
13520.92,18,5,30.79,652,0,0
159.95,8,4,90.17,903,0,0
76.12,16,10,259.91,162,0,0
194.46,20,4,158.41,183,0,0
13.42,22,2,103.41,76,0,0
98.54,15,4,185.32,67,0,0
57.95,12,2,7779.03,169,0,0
10350.15,7,2,5.41,235,0,0
171.99,20,4,13.95,171,0,0
335.21,9,4,37.94,514,0,0
669.5,22,3,14.39,385,0,0
2992.41,17,5,2.32,545,0,0
1035.6,8,4,210.31,311,0,0
128.21,22,2,95.5,660,0,0
1729.28,14,7,26.77,977,0,0
81.35,22,5,282.53,371,0,0
3434.99,7,3,54.52,199,0,0
319.47,14,3,105.73,985,0,0
1937.41,8,5,56.2,283,1,0
296.03,6,4,61.0,249,0,0
97.98,8,3,34.19,137,0,0
101.28,17,5,324.44,176,1,0
6422.86,18,3,437.07,206,1,0
96.86,4,4,28.02,236,0,0
1944.06,21,7,113.86,93,0,0
230.5,17,4,55.89,189,0,0
47642.38,22,6,743.43,139,0,0
2036.24,18,6,33.1,84,0,0
471.01,13,2,694.63,594,0,0
1413.58,22,0,170.99,1475,0,0
667.64,9,2,12.59,310,1,0
3663.3,13,4,62.86,49,0,0
54.14,18,2,175.01,527,0,0
234.9,5,2,507.39,289,0,0
6721.78,18,2,306.82,74,0,0
54.99,12,4,253.45,540,0,0
98.34,12,3,172.76,113,0,0
551.24,12,5,112.04,391,0,0
822.5,19,5,4.86,208,0,0
239.37,20,4,76.36,71,0,0
66.75,11,4,6.2,605,0,0
6.49,5,3,324.08,415,0,0
2215.75,14,3,178.57,225,0,0
125.64,19,3,128.15,752,0,0
356.31,17,3,137.65,280,0,0
36.54,6,2,27.19,73,3,1
6740.31,12,2,353.64,281,1,0
13076.55,3,4,12.78,147,1,1
